{
  "steps_path": "artifacts/handcrafted_steps.jsonl",
  "profiles_path": "artifacts/profiles/deepseek-v4-flash_without_gt.jsonl",
  "n_splits": 5,
  "random_state": 0,
  "metrics": {
    "profile_argmax": {
      "n": 58,
      "agent_accuracy": 0.5689655172413793,
      "step_accuracy": 0.10344827586206896,
      "avg_distance": 17.79310344827586,
      "step_accuracy_tol_1": 0.13793103448275862,
      "step_accuracy_tol_2": 0.1724137931034483,
      "step_accuracy_tol_3": 0.27586206896551724,
      "step_accuracy_tol_4": 0.39655172413793105,
      "step_accuracy_tol_5": 0.39655172413793105
    },
    "profile_earliest4": {
      "n": 58,
      "agent_accuracy": 0.5344827586206896,
      "step_accuracy": 0.15517241379310345,
      "avg_distance": 9.155172413793103,
      "step_accuracy_tol_1": 0.20689655172413793,
      "step_accuracy_tol_2": 0.2413793103448276,
      "step_accuracy_tol_3": 0.3448275862068966,
      "step_accuracy_tol_4": 0.5344827586206896,
      "step_accuracy_tol_5": 0.5344827586206896
    },
    "risk_argmax": {
      "n": 58,
      "agent_accuracy": 0.5689655172413793,
      "step_accuracy": 0.22413793103448276,
      "avg_distance": 14.431034482758621,
      "step_accuracy_tol_1": 0.25862068965517243,
      "step_accuracy_tol_2": 0.29310344827586204,
      "step_accuracy_tol_3": 0.3103448275862069,
      "step_accuracy_tol_4": 0.4482758620689655,
      "step_accuracy_tol_5": 0.46551724137931033
    },
    "combined_argmax": {
      "n": 58,
      "agent_accuracy": 0.7068965517241379,
      "step_accuracy": 0.1896551724137931,
      "avg_distance": 17.948275862068964,
      "step_accuracy_tol_1": 0.20689655172413793,
      "step_accuracy_tol_2": 0.2413793103448276,
      "step_accuracy_tol_3": 0.3103448275862069,
      "step_accuracy_tol_4": 0.41379310344827586,
      "step_accuracy_tol_5": 0.41379310344827586
    },
    "combined_earliest4": {
      "n": 58,
      "agent_accuracy": 0.5862068965517241,
      "step_accuracy": 0.20689655172413793,
      "avg_distance": 9.293103448275861,
      "step_accuracy_tol_1": 0.29310344827586204,
      "step_accuracy_tol_2": 0.3448275862068966,
      "step_accuracy_tol_3": 0.39655172413793105,
      "step_accuracy_tol_4": 0.5689655172413793,
      "step_accuracy_tol_5": 0.5862068965517241
    }
  },
  "folds": [
    {
      "fold": 1,
      "train_logs": [
        "1",
        "10",
        "13",
        "14",
        "15",
        "16",
        "17",
        "18",
        "19",
        "2",
        "20",
        "21",
        "22",
        "24",
        "25",
        "26",
        "27",
        "29",
        "30",
        "31",
        "32",
        "33",
        "37",
        "38",
        "39",
        "4",
        "40",
        "41",
        "42",
        "44",
        "45",
        "47",
        "48",
        "50",
        "51",
        "52",
        "53",
        "54",
        "55",
        "56",
        "57",
        "58",
        "6",
        "7",
        "8",
        "9"
      ],
      "test_logs": [
        "11",
        "12",
        "23",
        "28",
        "3",
        "34",
        "35",
        "36",
        "43",
        "46",
        "49",
        "5"
      ],
      "base_error_rate": 0.06652360515021459,
      "state_models": {
        "Assistant": {
          "selected_k": 2,
          "reason": "smallest_k_meeting_theta",
          "num_samples": 26
        },
        "ComputerTerminal": {
          "selected_k": 2,
          "reason": "best_available_below_theta",
          "num_samples": 10
        },
        "FileSurfer": {
          "selected_k": 2,
          "reason": "smallest_k_meeting_theta",
          "num_samples": 35
        },
        "Orchestrator": {
          "selected_k": 2,
          "reason": "smallest_k_meeting_theta",
          "num_samples": 1771
        },
        "WebSurfer": {
          "selected_k": 4,
          "reason": "smallest_k_meeting_theta",
          "num_samples": 434
        }
      }
    },
    {
      "fold": 2,
      "train_logs": [
        "1",
        "10",
        "11",
        "12",
        "13",
        "14",
        "16",
        "17",
        "18",
        "2",
        "20",
        "21",
        "22",
        "23",
        "24",
        "25",
        "26",
        "27",
        "28",
        "3",
        "31",
        "34",
        "35",
        "36",
        "37",
        "39",
        "4",
        "40",
        "43",
        "44",
        "45",
        "46",
        "47",
        "48",
        "49",
        "5",
        "50",
        "51",
        "52",
        "54",
        "55",
        "56",
        "58",
        "6",
        "7",
        "9"
      ],
      "test_logs": [
        "15",
        "19",
        "29",
        "30",
        "32",
        "33",
        "38",
        "41",
        "42",
        "53",
        "57",
        "8"
      ],
      "base_error_rate": 0.07380952380952381,
      "state_models": {
        "Assistant": {
          "selected_k": 2,
          "reason": "smallest_k_meeting_theta",
          "num_samples": 31
        },
        "ComputerTerminal": {
          "selected_k": 2,
          "reason": "best_available_below_theta",
          "num_samples": 10
        },
        "FileSurfer": {
          "selected_k": 2,
          "reason": "smallest_k_meeting_theta",
          "num_samples": 31
        },
        "Orchestrator": {
          "selected_k": 2,
          "reason": "smallest_k_meeting_theta",
          "num_samples": 1754
        },
        "WebSurfer": {
          "selected_k": 4,
          "reason": "smallest_k_meeting_theta",
          "num_samples": 427
        }
      }
    },
    {
      "fold": 3,
      "train_logs": [
        "1",
        "10",
        "11",
        "12",
        "13",
        "15",
        "18",
        "19",
        "2",
        "20",
        "22",
        "23",
        "24",
        "25",
        "28",
        "29",
        "3",
        "30",
        "32",
        "33",
        "34",
        "35",
        "36",
        "37",
        "38",
        "39",
        "4",
        "40",
        "41",
        "42",
        "43",
        "44",
        "45",
        "46",
        "47",
        "48",
        "49",
        "5",
        "52",
        "53",
        "54",
        "56",
        "57",
        "58",
        "7",
        "8"
      ],
      "test_logs": [
        "14",
        "16",
        "17",
        "21",
        "26",
        "27",
        "31",
        "50",
        "51",
        "55",
        "6",
        "9"
      ],
      "base_error_rate": 0.06317934782608696,
      "state_models": {
        "Assistant": {
          "selected_k": 2,
          "reason": "smallest_k_meeting_theta",
          "num_samples": 28
        },
        "ComputerTerminal": {
          "selected_k": 1,
          "reason": "too_few_samples",
          "num_samples": 8
        },
        "FileSurfer": {
          "selected_k": 4,
          "reason": "best_available_below_theta",
          "num_samples": 20
        },
        "Orchestrator": {
          "selected_k": 2,
          "reason": "smallest_k_meeting_theta",
          "num_samples": 1819
        },
        "WebSurfer": {
          "selected_k": 2,
          "reason": "smallest_k_meeting_theta",
          "num_samples": 462
        }
      }
    },
    {
      "fold": 4,